{"stats":{"minecraft:picked_up":{"minecraft:book":1,"minecraft:rotten_flesh":1,"minecraft:stick":17,"minecraft:crafting_table":1,"minecraft:apple":2,"minecraft:wheat_seeds":1,"minecraft:oak_log":40,"otakomod_anime_characters:soul_fragment":2,"minecraft:oak_sapling":13,"minecraft:mossy_cobblestone":6},"minecraft:custom":{"minecraft:time_since_rest":14540,"minecraft:crouch_one_cm":1896,"minecraft:play_time":14540,"minecraft:sprint_one_cm":25287,"minecraft:damage_taken":70,"minecraft:walk_one_cm":8925,"minecraft:sneak_time":620,"minecraft:walk_under_water_one_cm":2983,"minecraft:mob_kills":2,"minecraft:jump":153,"minecraft:damage_dealt":396,"minecraft:leave_game":3,"minecraft:time_since_death":14540,"minecraft:walk_on_water_one_cm":4050,"minecraft:total_world_time":14540,"minecraft:swim_one_cm":5047,"minecraft:interact_with_crafting_table":3,"minecraft:fall_one_cm":4514,"minecraft:fly_one_cm":20088},"minecraft:used":{"minecraft:wooden_axe":14,"minecraft:apple":2,"minecraft:mossy_cobblestone":6,"minecraft:crafting_table":1,"minecraft:wooden_pickaxe":9},"minecraft:killed":{"minecraft:zombie":1,"otakomod_anime_characters:akane_yanagi":1},"minecraft:mined":{"minecraft:grass":26,"minecraft:oak_log":6,"minecraft:mossy_cobblestone":7,"minecraft:dirt":2,"minecraft:oak_leaves":1,"minecraft:crafting_table":1},"minecraft:crafted":{"minecraft:oak_planks":24,"minecraft:crafting_table":1,"minecraft:stick":8,"minecraft:wooden_pickaxe":1,"minecraft:wooden_axe":1}},"DataVersion":3465}