{"stats":{"minecraft:picked_up":{"minecraft:book":1,"minecraft:stick":17,"minecraft:crafting_table":1,"minecraft:gravel":6,"minecraft:flint":3,"minecraft:oak_log":40,"otakomod_anime_characters:soul_fragment":4,"minecraft:mossy_cobblestone":6,"minecraft:rotten_flesh":1,"minecraft:apple":2,"minecraft:stone_axe":1,"minecraft:wheat_seeds":2,"minecraft:oak_sapling":13},"minecraft:dropped":{"minecraft:rotten_flesh":1,"gravestone:obituary":1},"minecraft:custom":{"minecraft:time_since_rest":8652,"minecraft:sprint_one_cm":43919,"minecraft:damage_taken":540,"minecraft:walk_one_cm":14775,"minecraft:mob_kills":3,"minecraft:drop":2,"minecraft:damage_dealt":2345,"minecraft:swim_one_cm":10093,"minecraft:interact_with_crafting_table":3,"minecraft:fly_one_cm":43829,"minecraft:crouch_one_cm":1946,"minecraft:play_time":24531,"minecraft:deaths":1,"minecraft:sneak_time":2578,"minecraft:walk_under_water_one_cm":6667,"minecraft:jump":269,"minecraft:leave_game":3,"minecraft:walk_on_water_one_cm":23242,"minecraft:time_since_death":8630,"minecraft:total_world_time":24531,"minecraft:fall_one_cm":8738},"minecraft:killed_by":{"otakomod_anime_characters:igris":1},"minecraft:used":{"minecraft:wooden_axe":14,"minecraft:apple":2,"minecraft:wooden_pickaxe":9,"minecraft:gravel":5,"minecraft:stone_axe":5,"minecraft:mossy_cobblestone":6,"minecraft:crafting_table":1},"minecraft:killed":{"minecraft:zombie":1,"otakomod_anime_characters:igris":1,"otakomod_anime_characters:akane_yanagi":1},"minecraft:mined":{"minecraft:mossy_cobblestone":7,"minecraft:crafting_table":1,"minecraft:grass":26,"minecraft:oak_log":6,"minecraft:gravel":10,"minecraft:dirt":2,"minecraft:oak_leaves":2},"minecraft:crafted":{"minecraft:oak_planks":24,"minecraft:crafting_table":1,"minecraft:stick":8,"minecraft:wooden_pickaxe":1,"minecraft:wooden_axe":1}},"DataVersion":3465}