{"stats":{"minecraft:custom":{"minecraft:time_since_rest":6860,"minecraft:crouch_one_cm":1896,"minecraft:play_time":6860,"minecraft:sprint_one_cm":14944,"minecraft:damage_taken":70,"minecraft:walk_one_cm":7351,"minecraft:sneak_time":620,"minecraft:walk_under_water_one_cm":2518,"minecraft:mob_kills":1,"minecraft:jump":58,"minecraft:damage_dealt":200,"minecraft:leave_game":1,"minecraft:walk_on_water_one_cm":1800,"minecraft:time_since_death":6860,"minecraft:total_world_time":6860,"minecraft:swim_one_cm":2741,"minecraft:interact_with_crafting_table":3,"minecraft:fall_one_cm":2991,"minecraft:fly_one_cm":5941},"minecraft:picked_up":{"minecraft:book":1,"minecraft:crafting_table":1,"minecraft:stick":17,"minecraft:apple":2,"minecraft:oak_log":40,"otakomod_anime_characters:soul_fragment":1,"minecraft:oak_sapling":13,"minecraft:mossy_cobblestone":6},"minecraft:crafted":{"minecraft:oak_planks":24,"minecraft:crafting_table":1,"minecraft:stick":8,"minecraft:wooden_pickaxe":1,"minecraft:wooden_axe":1},"minecraft:mined":{"minecraft:grass":2,"minecraft:oak_log":6,"minecraft:dirt":2,"minecraft:mossy_cobblestone":7,"minecraft:oak_leaves":1,"minecraft:crafting_table":1},"minecraft:used":{"minecraft:wooden_axe":14,"minecraft:mossy_cobblestone":6,"minecraft:crafting_table":1,"minecraft:wooden_pickaxe":9},"minecraft:killed":{"otakomod_anime_characters:akane_yanagi":1}},"DataVersion":3465}