{"stats":{"minecraft:picked_up":{"minecraft:birch_log":4,"minecraft:crafting_table":3,"otakomod_anime_characters:soul_heart":1,"minecraft:birch_boat":4,"minecraft:oak_log":5,"gravestone:obituary":1,"minecraft:dirt":3,"minecraft:wheat_seeds":1,"minecraft:cobblestone":6},"minecraft:dropped":{"minecraft:stone_axe":1,"minecraft:wheat_seeds":1,"gravestone:obituary":1},"minecraft:custom":{"minecraft:time_since_rest":3391,"minecraft:sprint_one_cm":16571,"minecraft:damage_taken":380,"minecraft:walk_one_cm":13966,"minecraft:drop":3,"minecraft:damage_dealt":2090,"minecraft:interact_with_crafting_table":4,"minecraft:swim_one_cm":14978,"minecraft:fly_one_cm":22698,"minecraft:crouch_one_cm":857,"minecraft:play_time":8847,"minecraft:deaths":1,"minecraft:sneak_time":313,"minecraft:walk_under_water_one_cm":1372,"minecraft:boat_one_cm":4365,"minecraft:jump":166,"minecraft:walk_on_water_one_cm":4879,"minecraft:time_since_death":3365,"minecraft:total_world_time":8847,"minecraft:fall_one_cm":5226},"minecraft:killed_by":{"otakomod_anime_characters:igris":1},"minecraft:used":{"minecraft:wooden_axe":1,"minecraft:stone_sword":32,"minecraft:birch_boat":4,"minecraft:wooden_pickaxe":6,"minecraft:stone_axe":3,"minecraft:dirt":2,"minecraft:crafting_table":3},"minecraft:mined":{"minecraft:birch_log":4,"minecraft:crafting_table":3,"minecraft:grass":7,"minecraft:grass_block":1,"minecraft:oak_log":5,"minecraft:dirt":2,"minecraft:stone":6},"minecraft:crafted":{"minecraft:oak_planks":20,"minecraft:crafting_table":2,"minecraft:stick":8,"minecraft:birch_boat":1,"minecraft:wooden_pickaxe":1,"minecraft:wooden_axe":1,"minecraft:stone_sword":1,"minecraft:birch_planks":16,"minecraft:stone_axe":1}},"DataVersion":3465}